T_K,T_C,P_Pa,P_bar,rho_kg_m3,v_m3_kg,h_kJ_kg,s_kJ_kgK,u_kJ_kg,cp_J_kgK,cv_J_kgK,phase
2637.494814,2364.344814,10000.0,0.1,0.013208,75.710063,3186.069572,7.0,2428.968937,1281.538015,994.489054,supercritical_gas
