T_K,T_C,P_Pa,P_bar,rho_kg_m3,v_m3_kg,h_kJ_kg,s_kJ_kgK,u_kJ_kg,q_quality,cp_J_kgK,cv_J_kgK,phase
797.483393,524.333393,5000.0,0.05,0.012842,77.867092,2969.102885,11.0,2579.767422,,2994.671479,2506.412181,supercritical_gas
1049.236953,776.086953,30000.0,0.3,0.058565,17.075111,3774.054542,11.0,3261.801203,,3388.828599,2900.470859,supercritical_gas
